OrderID,Date,Region,Category,Product,Quantity,UnitPrice,Salesperson,Revenue
1001,2026-01-05,North,Electronics,Laptop,2.0,750,Alice,1500.0
1003,2026-01-12,South,Furniture,Office Chair,5.0,120,Bob,600.0
1005,2026-01-18,West,Office Supplies,Notebook,7.0,8,David,56.0
1006,2026-02-03,West,Office Supplies,Printer Paper,20.0,12,David,240.0
1008,2026-02-15,East,Electronics,Keyboard,12.0,35,Carol,420.0
1009,2026-02-22,East,Electronics,Headphones,15.0,45,Carol,675.0
1010,2026-03-04,North,Unknown,Monitor,6.0,220,Alice,1320.0
1012,2026-03-11,West,Electronics,Headphones,15.0,45,Carol,675.0
1014,2026-03-25,North,Office Supplies,Printer Paper,30.0,12,David,360.0
1015,2026-04-02,North,Electronics,Monitor,7.0,220,Alice,1540.0
