OrderID,Date,Region,Category,Product,Quantity,UnitPrice,Salesperson
1001,2026-01-05,North,Electronics,Laptop,2,750,Alice
1002,05/01/2026,north,electronics,Laptop,3,750,Alice
1003,2026-01-12,South,Furniture,Office Chair,5,120,Bob
1004,,East,Furniture,Desk,4,300,Bob
1005,2026-01-18,WEST,Office Supplies,Notebook,,8,David
1006,2026-02-03,West,office supplies,Printer Paper,20,12,David
1007,03-02-2026,south,Furniture,Desk,6,300,Bob
1008,2026-02-15,East,ELECTRONICS,Keyboard,12,35,Carol
1009,2026-02-22,east,Electronics,Headphones,15,45,Carol
1010,2026-03-04,North,,Monitor,6,220,Alice
1003,2026-01-12,South,Furniture,Office Chair,5,120,Bob
1012,2026-03-11,WEST,Electronics,Headphones,15,45,Carol
1013,2026/03/17,,Office Supplies,Notebook,25,8,David
1014,2026-03-25,North,office supplies,Printer Paper,30,12,David
1015,2026-04-02,north,Electronics,Monitor,7,220,Alice
